<?xml version="1.0" encoding="UTF-8"?>
<project-private xmlns="http://www.netbeans.org/ns/project-private/1">
    <editor-bookmarks xmlns="http://www.netbeans.org/ns/editor-bookmarks/2" lastBookmarkId="0"/>
    <open-files xmlns="http://www.netbeans.org/ns/projectui-open-files/2">
        <group>
            <file>file:/C:/Level3_Java/Lab01/src/FullTimeEmployeeBuilder.java</file>
            <file>file:/C:/Level3_Java/Lab01/src/EmployeeBuilder.java</file>
            <file>file:/C:/Level3_Java/Lab01/src/EmployeeDirector.java</file>
            <file>file:/C:/Level3_Java/Lab01/src/PartTimeEmployee.java</file>
            <file>file:/C:/Level3_Java/Lab01/src/FullTimeEmployee.java</file>
            <file>file:/C:/Level3_Java/Lab01/src/EMS.java</file>
            <file>file:/C:/Level3_Java/Lab01/src/EmployeeManager.java</file>
            <file>file:/C:/Level3_Java/Lab01/src/Employee.java</file>
            <file>file:/C:/Level3_Java/Lab01/src/PartTimeEmployeeBuilder.java</file>
        </group>
    </open-files>
</project-private>
